ID, MAKE, MODEL, YEAR, COLOR, NO_SEATS, MILEAGE, PRICE, STATUS
1,BMW,X5,2019,Black,5,12000,40000.00,Available
2,Audi,Q7,2020,White,5,8000,42000.00,Sold
3,Mercedes,GLC,2021,Silver,5,5000,44000.00,Available
4,Lexus,RX,2018,Blue,5,22000,39000.00,Available
5,Jaguar,F-Pace,2019,Red,5,19000,38000.00,Not_Available
6,VOLVO,XC90,2020,Green,7,15000,35000.00,Available
7,Land-Rover,Range-Rover,2021,Black,5,2000,48000.00,Sold
8,Acura,MDX,2019,White,6,17000,32000.00,Available
9,Porsche,Cayenne,2021,Yellow,4,9000,47000.00,Sold
10,BMW,X3,2020,Blue,5,11000,36000.00,Not_Available